,SPY,EFA,GLD,TLT,VNQ
SPY,0.049121643806189816,0.04475394993282729,0.0018969053477537507,-0.012926775532379644,0.043204086059608474
EFA,0.04475394993282729,0.05360358708171514,0.004199060208917798,-0.015419889012723101,0.04175348715763802
GLD,0.0018969053477537507,0.004199060208917798,0.02770725636988231,0.005755917073326071,0.00421036548132447
TLT,-0.012926775532379644,-0.015419889012723101,0.005755917073326071,0.029199383058968336,-0.0092536942549602
VNQ,0.043204086059608474,0.04175348715763802,0.00421036548132447,-0.0092536942549602,0.06049372077256711
