,SPY,EFA,GLD,TLT,VNQ
SPY,0.010950934850024163,0.010530365587384093,0.0011793886759368564,-0.0025425177792887184,0.00793233680573439
EFA,0.010530365587384093,0.016514876998437237,0.003920631541532138,-0.0023766120398173024,0.008736105324420396
GLD,0.0011793886759368564,0.003920631541532138,0.0241299293484265,0.0041024306735975725,0.0032926907219758806
TLT,-0.0025425177792887184,-0.0023766120398173024,0.0041024306735975725,0.016431371451219576,0.003182516583800612
VNQ,0.00793233680573439,0.008736105324420396,0.0032926907219758806,0.003182516583800612,0.02010784077724407
