,SPY,EFA,GLD,TLT,VNQ
SPY,0.33694881417854683,0.30148688903108994,0.002752844238176669,-0.09190382561839072,0.3659481135628245
EFA,0.30148688903108994,0.30172850988274547,0.014706096588704379,-0.07802158591032929,0.3442900061477815
GLD,0.002752844238176669,0.014706096588704379,0.09695443541488266,0.03096245774690792,0.008054926305975305
TLT,-0.09190382561839072,-0.07802158591032929,0.03096245774690792,0.12553951844160788,-0.10063861996802773
VNQ,0.3659481135628245,0.3442900061477815,0.008054926305975305,-0.10063861996802773,0.47244212019341514
