model,accuracy,log_loss,brier_score,n_predictions
Random_Forest,0.7175572519083969,0.7090321223892465,0.4316960472751207,131
Logistic_Regression,0.5954198473282443,1.146172718762393,0.5623215604839122,131
Hist_Gradient_Boosting,0.6793893129770993,1.200656964607432,0.5152566565539275,131
Gaussian_NB,0.648854961832061,2.202538770949923,0.6081053907917433,131
Persistence,0.7938931297709924,3.7966288735627014,0.4122137404580153,131
