,Annual Return,Annual Volatility,Sharpe Ratio,Max Drawdown
Reactive_HMM,0.09754040648707063,0.10613380303051291,0.9190324260690844,-0.2965556893625869
Static_MV,0.08438264872071843,0.10473575460732612,0.8056718456565738,-0.266611015961281
Macro_Forward,0.08485878793187096,0.10535143815067809,0.8054829570575233,-0.29957833272830914
Equal_Weight,0.08422682665800063,0.10889150287759286,0.7734931048998535,-0.23981235300656834
