,To_State_0,To_State_1,To_State_2
From_State_0,0.9658107478521986,2.2894988372681046e-38,0.034189252147801406
From_State_1,1.4650561418978151e-30,0.9925453299903414,0.007454670009658619
From_State_2,0.0027008069227240816,0.018394344767030966,0.9789048483102449
